id,name,slug,created,last_updated,country_iso2,nb_prefix,carrier,type
1,AFGHANISTAN,,2018-04-16 17:27:32,2018-04-16 17:27:32,,0,1,1
,AFGHANISTAN MOBILE,,,,,0,1,3
,AFGHANISTAN MOBILE AWCC,,,,,0,1,3
,AFGHANISTAN MOBILE ETISALAT,,,,,0,1,3
,AFGHANISTAN MOBILE MTN,,,,,0,1,3
,AFGHANISTAN MOBILE ROSHAN,,,,,0,1,3
,ALBANIA,,,,,0,1,1
,ALBANIA FIXED ALBTEL,,,,,0,1,2
,ALBANIA FIXED AMC,,,,,0,1,2
,ALBANIA FIXED OLO,,,,,0,1,2
,ALBANIA MOBILE,,,,,0,1,3
,ALBANIA MOBILE AMC,,,,,0,1,3
,ALBANIA MOBILE VODAFONE,,,,,0,1,3
,ALBANIA SPECIAL SERVICES,,,,,0,1,5
,ALBANIA TIRANA,,,,,0,1,1
,ALGERIA,,,,,0,1,1
,ALGERIA CAT,,,,,0,1,1
,ALGERIA MOBILE,,,,,0,1,3
,ALGERIA MOBILE OOREDOO,,,,,0,1,3
,ALGERIA MOBILE OPTIMUM,,,,,0,1,3
,AMERICAN SAMOA,,,,,0,1,1
,ANDORRA,,,,,0,1,1
,ANDORRA MOBILE,,,,,0,1,3
,ANGOLA,,,,,0,1,1
,ANGOLA MOBILE MOVICEL,,,,,0,1,3
,ANGOLA MOBILE UNITEL,,,,,0,1,3
,ANGOLA MOBILITY SERVICES,,,,,0,1,1
,ANGUILLA,,,,,0,1,1
,ANGUILLA MOBILE,,,,,0,1,3
,ANGUILLA MOBILE DIGICEL,,,,,0,1,3
,ANGUILLA MOBILITY SERVICES,,,,,0,1,1
,ANTARCTICA,,,,,0,1,1
,ANTIGUA AND BARBUDA,,,,,0,1,1
,ANTIGUA AND BARBUDA MOBILE,,,,,0,1,3
,ARGENTINA,,,,,0,1,1
,ARGENTINA BUENOS AIRES,,,,,0,1,1
,ARGENTINA CORRIDOR,,,,,0,1,1
,ARGENTINA MOBILE,,,,,0,1,3
,ARGENTINA SPECIAL SERVICES,,,,,0,1,5
,ARGENTINA SPECIAL SERVICES TYPE_A,,,,,0,1,5
,ARGENTINA SPECIAL SERVICES TYPE_B,,,,,0,1,5
,ARMENIA,,,,,0,1,1
,ARMENIA MOBILE,,,,,0,1,3
,ARMENIA MOBILE ARMENTEL,,,,,0,1,3
,ARMENIA MOBILE KARABAKH TELECOM,,,,,0,1,3
,ARMENIA MOBILE ORANGE,,,,,0,1,3
,ARMENIA NAGORNO KARABAKH,,,,,0,1,1
,ARMENIA SPECIAL SERVICES,,,,,0,1,5
,ARMENIA YEREVAN,,,,,0,1,1
,ARUBA,,,,,0,1,1
,ARUBA MOBILE,,,,,0,1,3
,ARUBA MOBILE DIGICEL,,,,,0,1,3
,ASCENSION,,,,,0,1,1
,ASCENSION SPECIAL SERVICES,,,,,0,1,5
,AUSTRALIA,,,,,0,1,1
,AUSTRALIA CITY GROUP,,,,,0,1,1
,AUSTRALIA MOBILE,,,,,0,1,3
,AUSTRALIA MOBILE OPTUS,,,,,0,1,3
,AUSTRALIA MOBILE TELSTRA,,,,,0,1,3
,AUSTRALIA MOBILE TELSTRA AUSTRALIA VIA LYCATEL,,,,,0,1,3
,AUSTRALIA MOBILE VODAFONE HUTCHISON,,,,,0,1,3
,AUSTRALIA MOBILITY SERVICES,,,,,0,1,1
,AUSTRALIA SATELLITE FIXED TELSTRA,,,,,0,1,2
,AUSTRALIA SATELLITE MOBILE OPTUS,,,,,0,1,3
,AUSTRALIA SATELLITE MOBILE TELSTRA,,,,,0,1,3
,AUSTRALIA SPECIAL SERVICES,,,,,0,1,5
,AUSTRIA,,,,,0,1,1
,AUSTRIA MOBILE,,,,,0,1,3
,AUSTRIA MOBILE MOBILKOM,,,,,0,1,3
,AUSTRIA MOBILE T-MOBILE,,,,,0,1,3
,AUSTRIA MOBILE THREE,,,,,0,1,3
,AUSTRIA MOBILITY SERVICES,,,,,0,1,1
,AUSTRIA SPECIAL SERVICES,,,,,0,1,5
,AUSTRIA VIENNA,,,,,0,1,1
,AZERBAIJAN,,,,,0,1,1
,AZERBAIJAN MOBILE,,,,,0,1,3
,AZERBAIJAN MOBILE BAKCELL,,,,,0,1,3
,BAHAMAS,,,,,0,1,1
,BAHAMAS MOBILE,,,,,0,1,3
,BAHRAIN,,,,,0,1,1
,BAHRAIN BOADBAND TELECOM,,,,,0,1,1
,BAHRAIN MOBILE,,,,,0,1,3
,BAHRAIN MOBILE VIVA,,,,,0,1,3
,BAHRAIN MOBILE ZAIN,,,,,0,1,3
,BANGLADESH,,,,,0,1,1
,BANGLADESH CHITTAGONG,,,,,0,1,1
,BANGLADESH DHAKA,,,,,0,1,1
,BANGLADESH MOBILE,,,,,0,1,3
,BANGLADESH MOBILE BANGLALINK,,,,,0,1,3
,BANGLADESH MOBILE GRAMEENPHONE,,,,,0,1,3
,BANGLADESH MOBILE ROBI AXIATA,,,,,0,1,3
,BANGLADESH SYLHET,,,,,0,1,1
,BARBADOS,,,,,0,1,1
,BARBADOS MOBILE,,,,,0,1,3
,BARBADOS MOBILE DIGICEL,,,,,0,1,3
,BARBADOS SPECIAL SERVICES,,,,,0,1,5
,BELARUS,,,,,0,1,1
,BELARUS MINSK,,,,,0,1,1
,BELARUS MOBILE,,,,,0,1,3
,BELARUS MOBILE TYPE_A,,,,,0,1,3
,BELARUS MOBILITY SERVICES,,,,,0,1,1
,BELARUS SPECIAL SERVICES,,,,,0,1,5
,BELGIUM,,,,,0,1,1
,BELGIUM FIXED PROXIMUS,,,,,0,1,2
,BELGIUM MOBILE,,,,,0,1,3
,BELGIUM MOBILE BASE,,,,,0,1,3
,BELGIUM MOBILE MEDIALAAN,,,,,0,1,3
,BELGIUM MOBILE ORANGE,,,,,0,1,3
,BELGIUM MOBILE PROXIMUS,,,,,0,1,3
,BELGIUM MOBILE TELENET,,,,,0,1,3
,BELGIUM UNIVERSAL ACCESS NUMBER,,,,,0,1,1
,BELIZE,,,,,0,1,1
,BELIZE MOBILE,,,,,0,1,3
,BENIN,,,,,0,1,1
,BENIN MOBILE BELL,,,,,0,1,3
,BENIN MOBILE LIBERCOM,,,,,0,1,3
,BENIN MOBILE MOOV,,,,,0,1,3
,BENIN MOBILE MTN,,,,,0,1,3
,BENIN MOBILITY SERVICES,,,,,0,1,1
,BERMUDA,,,,,0,1,1
,BHUTAN,,,,,0,1,1
,BHUTAN MOBILE,,,,,0,1,3
,BOLIVIA,,,,,0,1,1
,BOLIVIA COCHABAMBA,,,,,0,1,1
,BOLIVIA LA PAZ,,,,,0,1,1
,BOLIVIA MOBILE,,,,,0,1,3
,BOLIVIA MOBILE ENTEL,,,,,0,1,3
,BOLIVIA MOBILE TIGO,,,,,0,1,3
,BOLIVIA SANTA CRUZ,,,,,0,1,1
,BOSNIA AND HERZEGOVINA,,,,,0,1,1
,BOSNIA AND HERZEGOVINA BH TELECOM,,,,,0,1,1
,BOSNIA AND HERZEGOVINA M:TEL,,,,,0,1,1
,BOSNIA AND HERZEGOVINA MOBILE BH TELECOM,,,,,0,1,3
,BOSNIA AND HERZEGOVINA MOBILE ERONET,,,,,0,1,3
,BOSNIA AND HERZEGOVINA MOBILE M:TEL,,,,,0,1,3
,BOSNIA AND HERZEGOVINA MOSTAR,,,,,0,1,1
,BOTSWANA,,,,,0,1,1
,BOTSWANA MOBILE,,,,,0,1,3
,BOTSWANA MOBILE MTN,,,,,0,1,3
,BOTSWANA MOBILE ORANGE,,,,,0,1,3
,BRAZIL,,,,,0,1,1
,BRAZIL BELO HORIZONTE,,,,,0,1,1
,BRAZIL BRASILIA,,,,,0,1,1
,BRAZIL CAMPINAS,,,,,0,1,1
,BRAZIL CURITIBA,,,,,0,1,1
,BRAZIL FLORIANOPOLIS,,,,,0,1,1
,BRAZIL GOIANIA,,,,,0,1,1
,BRAZIL GOVERNADOR,,,,,0,1,1
,BRAZIL MOBILE,,,,,0,1,3
,BRAZIL MOBILE TIM,,,,,0,1,3
,BRAZIL MOBILITY SERVICES,,,,,0,1,1
,BRAZIL PORTO ALEGRE,,,,,0,1,1
,BRAZIL RECIFE,,,,,0,1,1
,BRAZIL RIO,,,,,0,1,1
,BRAZIL SAO PAULO,,,,,0,1,1
,BRAZIL STATE OF SAO PAULO,,,,,0,1,1
,BRAZIL VITORIA,,,,,0,1,1
,BRITISH VIRGIN ISLANDS,,,,,0,1,1
,BRITISH VIRGIN ISLANDS MOBILE,,,,,0,1,3
,BRITISH VIRGIN ISLANDS MOBILE DIGICEL,,,,,0,1,3
,BRUNEI,,,,,0,1,1
,BRUNEI MOBILE,,,,,0,1,3
,BULGARIA,,,,,0,1,1
,BULGARIA FIXED OLO,,,,,0,1,2
,BULGARIA MOBILE,,,,,0,1,3
,BULGARIA MOBILE MOBILTEL,,,,,0,1,3
,BULGARIA MOBILE TELENOR,,,,,0,1,3
,BULGARIA MOBILE VIVACOM,,,,,0,1,3
,BULGARIA MOBILITY SERVICES MOBILTEL,,,,,0,1,1
,BULGARIA MOBILITY SERVICES MOBILTEL TYPE_B,,,,,0,1,1
,BULGARIA SOFIA,,,,,0,1,1
,BULGARIA SPECIAL SERVICES,,,,,0,1,5
,BURKINA FASO,,,,,0,1,1
,BURKINA FASO MOBILE,,,,,0,1,3
,BURKINA FASO MOBILE ORANGE,,,,,0,1,3
,BURKINA FASO MOBILE TELECEL,,,,,0,1,3
,BURKINA FASO SPECIAL SERVICES,,,,,0,1,5
,BURUNDI,,,,,0,1,1
,BURUNDI MOBILE,,,,,0,1,3
,BURUNDI MOBILE AFRICELL,,,,,0,1,3
,BURUNDI MOBILE ECONET WIRELESS,,,,,0,1,3
,BURUNDI MOBILE ONATEL,,,,,0,1,3
,BURUNDI MOBILE SMART,,,,,0,1,3
,BURUNDI SPECIAL SERVICES,,,,,0,1,5
,CAMBODIA,,,,,0,1,1
,CAMBODIA FIXED VIETTEL,,,,,0,1,2
,CAMBODIA MOBILE,,,,,0,1,3
,CAMBODIA MOBILE MOBITEL,,,,,0,1,3
,CAMBODIA MOBILE SEATEL,,,,,0,1,3
,CAMBODIA MOBILE SMART,,,,,0,1,3
,CAMBODIA MOBILE VIETTEL,,,,,0,1,3
,CAMEROON,,,,,0,1,1
,CAMEROON DOUALA,,,,,0,1,1
,CAMEROON MOBILE,,,,,0,1,3
,CAMEROON MOBILE MTN,,,,,0,1,3
,CAMEROON MOBILE ORANGE,,,,,0,1,3
,CAMEROON SPECIAL SERVICES TYPE_A,,,,,0,1,5
,CAMEROON SPECIAL SERVICES TYPE_B,,,,,0,1,5
,CANADA,,,,,0,1,1
,CANADA NORTHWEST TERRITORIES,,,,,0,1,1
,CAPE VERDE,,,,,0,1,1
,CAPE VERDE MOBILE,,,,,0,1,3
,CAPE VERDE MOBILE UNITEL,,,,,0,1,3
,CAYMAN ISLANDS,,,,,0,1,1
,CAYMAN ISLANDS MOBILE,,,,,0,1,3
,CAYMAN ISLANDS MOBILE DIGICEL,,,,,0,1,3
,CENTRAL AFRICAN REPUBLIC,,,,,0,1,1
,CENTRAL AFRICAN REPUBLIC MOBILE,,,,,0,1,3
,CENTRAL AFRICAN REPUBLIC MOBILE MOOV,,,,,0,1,3
,CENTRAL AFRICAN REPUBLIC MOBILE ORANGE,,,,,0,1,3
,CENTRAL AFRICAN REPUBLIC MOBILE TELECEL,,,,,0,1,3
,CENTRAL AFRICAN REPUBLIC SPECIAL SERVICES,,,,,0,1,5
,CHAD,,,,,0,1,1
,CHAD MOBILE,,,,,0,1,3
,CHAD MOBILE AIRTEL,,,,,0,1,3
,CHAD MOBILE TIGO,,,,,0,1,3
,CHILE,,,,,0,1,1
,CHILE AUDIOTEXT,,,,,0,1,1
,CHILE MOBILE,,,,,0,1,3
,CHILE PUNTA ARENAS,,,,,0,1,1
,CHILE RURAL,,,,,0,1,1
,CHILE SANTIAGO,,,,,0,1,1
,CHILE SPECIAL SERVICES,,,,,0,1,5
,CHINA,,,,,0,1,1
,CHINA MOBILE,,,,,0,1,3
,CHINA MOBILE UNICOM,,,,,0,1,3
,COLOMBIA,,,,,0,1,1
,COLOMBIA BOGOTA,,,,,0,1,1
,COLOMBIA CALI,,,,,0,1,1
,COLOMBIA LEX,,,,,0,1,1
,COLOMBIA MEDELLIN,,,,,0,1,1
,COLOMBIA MOBILE,,,,,0,1,3
,COLOMBIA MOBILE INFRACEL (CLARO),,,,,0,1,3
,COLOMBIA MOBILE MOVISTAR,,,,,0,1,3
,COLOMBIA MOBILE ORBITEL SERVICIOS,,,,,0,1,3
,COLOMBIA PEREIRA,,,,,0,1,1
,COMOROS,,,,,0,1,1
,COMOROS MOBILE,,,,,0,1,3
,COMOROS MOBILE COMORES TELECOM,,,,,0,1,3
,COMOROS MOBILITY SERVICES,,,,,0,1,1
,COMOROS SPECIAL SERVICES,,,,,0,1,5
,CONGO,,,,,0,1,1
,CONGO MOBILE,,,,,0,1,3
,CONGO MOBILE AIRTEL,,,,,0,1,3
,CONGO MOBILE MTN,,,,,0,1,3
,CONGO MOBILITY SERVICES,,,,,0,1,1
,COOK ISLANDS,,,,,0,1,1
,COOK ISLANDS MOBILE,,,,,0,1,3
,COSTA RICA,,,,,0,1,1
,COSTA RICA MOBILE,,,,,0,1,3
,COSTA RICA MOBILE CLARO,,,,,0,1,3
,COSTA RICA MOBILE MOVISTAR,,,,,0,1,3
,CROATIA,,,,,0,1,1
,CROATIA MOBILE,,,,,0,1,3
,CROATIA MOBILE T-MOBILE,,,,,0,1,3
,CROATIA MOBILE VIPNET,,,,,0,1,3
,CROATIA SPECIAL SERVICES,,,,,0,1,5
,CUBA,,,,,0,1,1
,CUBA GUANTANAMO,,,,,0,1,1
,CUBA MOBILE,,,,,0,1,3
,CYPRUS,,,,,0,1,1
,CYPRUS FIXED CALLSAT INTERNATIONA,,,,,0,1,2
,CYPRUS FIXED HIGH COST,,,,,0,1,2
,CYPRUS FIXED OTHER LICENSED OPERA,,,,,0,1,2
,CYPRUS MOBILE,,,,,0,1,3
,CYPRUS MOBILE CYTA-VODAFONE,,,,,0,1,3
,CYPRUS MOBILE MTN,,,,,0,1,3
,CYPRUS MOBILITY SERVICES,,,,,0,1,1
,CYPRUS PERSONAL NUMBERING,,,,,0,1,1
,CZECH REPUBLIC,,,,,0,1,1
,CZECH REPUBLIC MOBILE,,,,,0,1,3
,CZECH REPUBLIC MOBILE O2,,,,,0,1,3
,CZECH REPUBLIC MOBILE T-MOBILE,,,,,0,1,3
,CZECH REPUBLIC MOBILE VODAFONE,,,,,0,1,3
,CZECH REPUBLIC MOBILITY SERVICES,,,,,0,1,1
,CZECH REPUBLIC SPECIAL SERVICES,,,,,0,1,5
,DEMOCRATIC REPUBLIC OF THE CONGO,,,,,0,1,1
,DEMOCRATIC REPUBLIC OF THE CONGO MOBILE,,,,,0,1,3
,DEMOCRATIC REPUBLIC OF THE CONGO MOBILE AFRICELL,,,,,0,1,3
,DEMOCRATIC REPUBLIC OF THE CONGO MOBILE AIRTEL,,,,,0,1,3
,DEMOCRATIC REPUBLIC OF THE CONGO MOBILE ORANGE,,,,,0,1,3
,DEMOCRATIC REPUBLIC OF THE CONGO MOBILE TATEM,,,,,0,1,3
,DEMOCRATIC REPUBLIC OF THE CONGO MOBILE VODACOM,,,,,0,1,3
,DEMOCRATIC REPUBLIC OF THE CONGO MOBILITY SERVICES,,,,,0,1,1
,DEMOCRATIC REPUBLIC OF THE CONGO MOBILITY SERVICES TYPE_A,,,,,0,1,1
,DEMOCRATIC REPUBLIC OF THE CONGO SPECIAL SERVICES,,,,,0,1,5
,DENMARK,,,,,0,1,1
,DENMARK MOBILE,,,,,0,1,3
,DENMARK MOBILE TDC,,,,,0,1,3
,DENMARK MOBILE TELENOR,,,,,0,1,3
,DENMARK MOBILE TELIA,,,,,0,1,3
,DENMARK MOBILE THREE,,,,,0,1,3
,DENMARK MOBILE TISMI,,,,,0,1,3
,DENMARK PAID 800,,,,,0,1,1
,DIEGO GARCIA,,,,,0,1,1
,DIEGO GARCIA MOBILE,,,,,0,1,3
,DJIBOUTI,,,,,0,1,1
,DJIBOUTI MOBILE,,,,,0,1,3
,DOMINICA,,,,,0,1,1
,DOMINICA MOBILE,,,,,0,1,3
,DOMINICA MOBILE DIGICEL,,,,,0,1,3
,DOMINICA SPECIAL SERVICES,,,,,0,1,5
,DOMINICA SPECIAL SERVICES TYPE_A,,,,,0,1,5
,DOMINICAN REPUBLIC,,,,,0,1,1
,DOMINICAN REPUBLIC FIXED VIVA,,,,,0,1,2
,DOMINICAN REPUBLIC MOBILE,,,,,0,1,3
,DOMINICAN REPUBLIC MOBILE ALTICE DOMINICANA,,,,,0,1,3
,DOMINICAN REPUBLIC MOBILE CLARO,,,,,0,1,3
,DOMINICAN REPUBLIC MOBILE VIVA,,,,,0,1,3
,DOMINICAN REPUBLIC SANTO DOMINGO,,,,,0,1,1
,EAST TIMOR,,,,,0,1,1
,EAST TIMOR MOBILE,,,,,0,1,3
,EAST TIMOR MOBILE TELKOMCEL,,,,,0,1,3
,ECUADOR,,,,,0,1,1
,ECUADOR FIXED ETAPA,,,,,0,1,2
,ECUADOR MOBILE,,,,,0,1,3
,ECUADOR MOBILE CLARO,,,,,0,1,3
,ECUADOR MOBILE MOVISTAR,,,,,0,1,3
,ECUADOR QUITO,,,,,0,1,1
,EGYPT,,,,,0,1,1
,EGYPT MOBILE,,,,,0,1,3
,EGYPT MOBILE ETISALAT,,,,,0,1,3
,EGYPT MOBILE ORANGE,,,,,0,1,3
,EL SALVADOR,,,,,0,1,1
,EL SALVADOR FIXED CLARO,,,,,0,1,2
,EL SALVADOR FIXED TIGO,,,,,0,1,2
,EL SALVADOR MOBILE,,,,,0,1,3
,EL SALVADOR MOBILE CLARO,,,,,0,1,3
,EL SALVADOR MOBILE DIGICEL,,,,,0,1,3
,EL SALVADOR MOBILE MOVISTAR,,,,,0,1,3
,EL SALVADOR MOBILE TIGO,,,,,0,1,3
,EQUATORIAL GUINEA,,,,,0,1,1
,EQUATORIAL GUINEA FIXED GETESA,,,,,0,1,2
,EQUATORIAL GUINEA FIXED MUNI,,,,,0,1,2
,EQUATORIAL GUINEA MOBILE,,,,,0,1,3
,EQUATORIAL GUINEA MOBILE GETESA,,,,,0,1,3
,EQUATORIAL GUINEA MOBILE MUNI,,,,,0,1,3
,ERITREA,,,,,0,1,1
,ERITREA MOBILE,,,,,0,1,3
,ESTONIA,,,,,0,1,1
,ESTONIA MOBILE,,,,,0,1,3
,ESTONIA MOBILE ELISA,,,,,0,1,3
,ESTONIA MOBILE EMT,,,,,0,1,3
,ESTONIA MOBILE TELE2,,,,,0,1,3
,ESTONIA MOBILITY SERVICES,,,,,0,1,1
,ESTONIA SPECIAL SERVICES,,,,,0,1,5
,ETHIOPIA,,,,,0,1,1
,ETHIOPIA ADDIS ABEBA,,,,,0,1,1
,ETHIOPIA MOBILE,,,,,0,1,3
,ETHIOPIA MOBILE ETA ADDIS ABEBA,,,,,0,1,3
,FALKLAND ISLANDS,,,,,0,1,1
,FALKLAND ISLANDS MOBILE,,,,,0,1,3
,FAROE ISLANDS,,,,,0,1,1
,FAROE ISLANDS MOBILE,,,,,0,1,3
,FIJI,,,,,0,1,1
,FIJI MOBILE,,,,,0,1,3
,FINLAND,,,,,0,1,1
,FINLAND MOBILE,,,,,0,1,3
,FINLAND MOBILE ELISA,,,,,0,1,3
,FINLAND MOBILE TELIA COMPANY,,,,,0,1,3
,FINLAND MOBILE TISMI,,,,,0,1,3
,FINLAND MOBILITY SERVICES,,,,,0,1,1
,FINLAND PERSONAL NUMBERING,,,,,0,1,1
,FINLAND SPECIAL SERVICES,,,,,0,1,5
,FRANCE,,,,,0,1,1
,FRANCE FIXED FREE,,,,,0,1,2
,FRANCE MOBILE,,,,,0,1,3
,FRANCE MOBILE BOUYGUES,,,,,0,1,3
,FRANCE MOBILE FREE MOBILE,,,,,0,1,3
,FRANCE MOBILE GLOBALSTAR,,,,,0,1,3
,FRANCE MOBILE NRJ,,,,,0,1,3
,FRANCE MOBILE ORANGE,,,,,0,1,3
,FRANCE MOBILE SFR,,,,,0,1,3
,FRANCE SPECIAL SERVICES,,,,,0,1,5
,FRENCH GUIANA,,,,,0,1,1
,FRENCH GUIANA MOBILE,,,,,0,1,3
,FRENCH GUIANA MOBILE DIGICEL,,,,,0,1,3
,FRENCH GUIANA MOBILE ORANGE,,,,,0,1,3
,FRENCH GUIANA MOBILE OUTREMER,,,,,0,1,3
,FRENCH POLYNESIA,,,,,0,1,1
,FRENCH POLYNESIA MOBILE,,,,,0,1,3
,GABON,,,,,0,1,1
,GABON MOBILE,,,,,0,1,3
,GABON MOBILE AIRTEL,,,,,0,1,3
,GABON MOBILE AZUR,,,,,0,1,3
,GAMBIA,,,,,0,1,1
,GAMBIA MOBILE,,,,,0,1,3
,GAMBIA MOBILITY SERVICES,,,,,0,1,1
,GEORGIA,,,,,0,1,1
,GEORGIA MOBILE,,,,,0,1,3
,GEORGIA MOBILE GEOCELL,,,,,0,1,3
,GEORGIA MOBILE MAGTICOM,,,,,0,1,3
,GEORGIA MOBILITY SERVICES,,,,,0,1,1
,GEORGIA SPECIAL SERVICES,,,,,0,1,5
,GEORGIA TBILISI,,,,,0,1,1
,GERMANY,,,,,0,1,1
,GERMANY IP PHONE,,,,,0,1,1
,GERMANY MOBILE,,,,,0,1,3
,GERMANY MOBILE E-PLUS,,,,,0,1,3
,GERMANY MOBILE T-MOBILE,,,,,0,1,3
,GERMANY MOBILE TELEFONICA,,,,,0,1,3
,GERMANY MOBILE TISMI,,,,,0,1,3
,GERMANY MOBILE VODAFONE,,,,,0,1,3
,GERMANY PERSONAL NUMBERING,,,,,0,1,1
,GERMANY SPECIAL SERVICES,,,,,0,1,5
,GHANA,,,,,0,1,1
,GHANA FIXED MTN,,,,,0,1,2
,GHANA MOBILE,,,,,0,1,3
,GHANA MOBILE AIRTEL,,,,,0,1,3
,GHANA MOBILE GLO,,,,,0,1,3
,GHANA MOBILE MTN,,,,,0,1,3
,GHANA MOBILE TIGO,,,,,0,1,3
,GHANA MOBILE VODAFONE,,,,,0,1,3
,GIBRALTAR,,,,,0,1,1
,GIBRALTAR MOBILE,,,,,0,1,3
,GLOBAL MOBILE SATELLITE SYSTEM MOBILE ELLIPSO,,,,,0,1,3
,GLOBAL MOBILE SATELLITE SYSTEM MOBILE GLOBALSTAR TYPE_A,,,,,0,1,3
,GLOBAL MOBILE SATELLITE SYSTEM MOBILE GLOBALSTAR TYPE_B,,,,,0,1,3
,GLOBAL MOBILE SATELLITE SYSTEM MOBILE GLOBALSTAR TYPE_C,,,,,0,1,3
,GLOBAL MOBILE SATELLITE SYSTEM MOBILE IRIDIUM,,,,,0,1,3
,GREECE,,,,,0,1,1
,GREECE ATHENS,,,,,0,1,1
,GREECE MOBILE,,,,,0,1,3
,GREECE MOBILE COSMOTE,,,,,0,1,3
,GREECE MOBILE VODAFONE,,,,,0,1,3
,GREECE MOBILE WIND,,,,,0,1,3
,GREECE MOBILITY SERVICES,,,,,0,1,1
,GREECE SPECIAL SERVICES,,,,,0,1,5
,GREENLAND,,,,,0,1,1
,GREENLAND MOBILE,,,,,0,1,3
,GRENADA,,,,,0,1,1
,GRENADA MOBILE,,,,,0,1,3
,GRENADA MOBILE DIGICEL,,,,,0,1,3
,GRENADA MOBILITY SERVICES,,,,,0,1,1
,GRENADA SPECIAL SERVICES,,,,,0,1,5
,GUADELOUPE,,,,,0,1,1
,GUADELOUPE MOBILE,,,,,0,1,3
,GUADELOUPE MOBILE DIGICEL,,,,,0,1,3
,GUADELOUPE MOBILE ORANGE,,,,,0,1,3
,GUADELOUPE MOBILE OUTREMER,,,,,0,1,3
,GUAM,,,,,0,1,1
,GUATEMALA,,,,,0,1,1
,GUATEMALA FIXED CLARO,,,,,0,1,2
,GUATEMALA MOBILE,,,,,0,1,3
,GUATEMALA MOBILE CLARO,,,,,0,1,3
,GUATEMALA MOBILE MOVISTAR,,,,,0,1,3
,GUATEMALA MOBILE TIGO,,,,,0,1,3
,GUINEA,,,,,0,1,1
,GUINEA MOBILE CELLCOM,,,,,0,1,3
,GUINEA MOBILE INTERCEL,,,,,0,1,3
,GUINEA MOBILE MAI MOBILE,,,,,0,1,3
,GUINEA MOBILE MTN,,,,,0,1,3
,GUINEA MOBILE ORANGE,,,,,0,1,3
,GUINEA SPECIAL SERVICES,,,,,0,1,5
,GUINEA-BISSAU,,,,,0,1,1
,GUINEA-BISSAU MOBILE,,,,,0,1,3
,GUINEA-BISSAU MOBILE MTN,,,,,0,1,3
,GUINEA-BISSAU MOBILE ORANGE,,,,,0,1,3
,GUINEA-BISSAU SPECIAL SERVICES,,,,,0,1,5
,GUYANA,,,,,0,1,1
,GUYANA MOBILE,,,,,0,1,3
,GUYANA MOBILE DIGICEL,,,,,0,1,3
,HAITI,,,,,0,1,1
,HAITI HAITEL,,,,,0,1,1
,HAITI MOBILE,,,,,0,1,3
,HAITI MOBILE DIGICEL,,,,,0,1,3
,HAITI MOBILE HAITEL,,,,,0,1,3
,HAITI SPECIAL SERVICES,,,,,0,1,5
,HONDURAS,,,,,0,1,1
,HONDURAS MOBILE,,,,,0,1,3
,HONDURAS MOBILE CLARO,,,,,0,1,3
,HONDURAS MOBILE TIGO,,,,,0,1,3
,HONG KONG,,,,,0,1,1
,HONG KONG MOBILE,,,,,0,1,3
,HONG KONG MOBILE CSL,,,,,0,1,3
,HONG KONG MOBILE HGC GLOBAL COMM,,,,,0,1,3
,HONG KONG MOBILE SMARTONE,,,,,0,1,3
,HUNGARY,,,,,0,1,1
,HUNGARY BUDAPEST,,,,,0,1,1
,HUNGARY MOBILE,,,,,0,1,3
,HUNGARY MOBILE T-MOBILE,,,,,0,1,3
,HUNGARY MOBILE TELENOR,,,,,0,1,3
,HUNGARY MOBILE VODAFONE,,,,,0,1,3
,HUNGARY SPECIAL SERVICES,,,,,0,1,5
,ICELAND,,,,,0,1,1
,ICELAND MOBILE,,,,,0,1,3
,ICELAND MOBILE SIMINN,,,,,0,1,3
,ICELAND MOBILE VODAFONE,,,,,0,1,3
,INDIA,,,,,0,1,1
,INDIA AHMEDABAD,,,,,0,1,1
,INDIA BANGALORE,,,,,0,1,1
,INDIA CALCUTTA,,,,,0,1,1
,INDIA ERNAKULAM,,,,,0,1,1
,INDIA GUJARAT,,,,,0,1,1
,INDIA HYDERABAD,,,,,0,1,1
,INDIA JULLUNDUR,,,,,0,1,1
,INDIA KERALA,,,,,0,1,1
,INDIA MADRAS,,,,,0,1,1
,INDIA MOBILE,,,,,0,1,3
,INDIA MOBILE AIRCEL,,,,,0,1,3
,INDIA MOBILE AIRTEL,,,,,0,1,3
,INDIA MOBILE BSNL,,,,,0,1,3
,INDIA MOBILE IDEA,,,,,0,1,3
,INDIA MOBILE RELIANCE,,,,,0,1,3
,INDIA MOBILE RELIANCE JIO,,,,,0,1,3
,INDIA MOBILE TATA,,,,,0,1,3
,INDIA MOBILE VODAFONE JAMMU AND KASHMIR,,,,,0,1,3
,INDIA MUMBAI,,,,,0,1,1
,INDIA NEW DELHI,,,,,0,1,1
,INDIA PUNE,,,,,0,1,1
,INDIA PUNJAB,,,,,0,1,1
,INDIA TAMIL NADU,,,,,0,1,1
,INDONESIA,,,,,0,1,1
,INDONESIA BANDUNG,,,,,0,1,1
,INDONESIA BATAM,,,,,0,1,1
,INDONESIA BOGOR,,,,,0,1,1
,INDONESIA DENPASAR,,,,,0,1,1
,INDONESIA JAKARTA,,,,,0,1,1
,INDONESIA MALANG,,,,,0,1,1
,INDONESIA MEDAN,,,,,0,1,1
,INDONESIA MOBILE,,,,,0,1,3
,INDONESIA MOBILE INDOSAT OOREDOO,,,,,0,1,3
,INDONESIA MOBILE TELKOMSEL,,,,,0,1,3
,INDONESIA MOBILE THREE,,,,,0,1,3
,INDONESIA MOBILE XL,,,,,0,1,3
,INDONESIA SATELLITE MOBILE,,,,,0,1,3
,INDONESIA SURABAYA,,,,,0,1,1
,INTERNATIONAL NETWORKS 1 EMNIFY,,,,,0,1,1
,INTERNATIONAL NETWORKS 1 MEDIALINC,,,,,0,1,1
,INTERNATIONAL NETWORKS 1 MTT,,,,,0,1,1
,INTERNATIONAL NETWORKS 1 ORANGE,,,,,0,1,1
,INTERNATIONAL NETWORKS 1 TELECOM26,,,,,0,1,1
,INTERNATIONAL NETWORKS 1 VOXBONE,,,,,0,1,1
,INTERNATIONAL NETWORKS 1 WINS AERO,,,,,0,1,1
,INTERNATIONAL NETWORKS AERO MOBILE,,,,,0,1,3
,INTERNATIONAL NETWORKS ELLIPSO,,,,,0,1,1
,INTERNATIONAL NETWORKS EMSAT,,,,,0,1,1
,INTERNATIONAL NETWORKS GLOBAL NETWORKS,,,,,0,1,1
,INTERNATIONAL NETWORKS IN&PHONE,,,,,0,1,1
,INTERNATIONAL NETWORKS INTERMATICA,,,,,0,1,1
,INTERNATIONAL NETWORKS JT,,,,,0,1,1
,INTERNATIONAL NETWORKS MARCOM,,,,,0,1,1
,INTERNATIONAL NETWORKS MONACO TELECOM,,,,,0,1,1
,INTERNATIONAL NETWORKS ONAIR,,,,,0,1,1
,INTERNATIONAL NETWORKS ORATION TPG,,,,,0,1,1
,INTERNATIONAL NETWORKS SPECIAL SERVICES EMSAT,,,,,0,1,5
,INTERNATIONAL NETWORKS SPECIAL SERVICES GLOBAL NETWORKS,,,,,0,1,5
,INTERNATIONAL NETWORKS SPECIAL SERVICES T-SYSTEMS DEU,,,,,0,1,5
,INTERNATIONAL NETWORKS T-SYSTEMS DEU,,,,,0,1,1
,INTERNATIONAL NETWORKS THURAYA,,,,,0,1,1
,INTERNATIONAL NETWORKS TPG,,,,,0,1,1
,INTERNATIONAL NETWORKS VODAFONE,,,,,0,1,1
,IRAN,,,,,0,1,1
,IRAN MOBILE,,,,,0,1,3
,IRAN MOBILE IRANCELL,,,,,0,1,3
,IRAN TEHRAN,,,,,0,1,1
,IRAQ,,,,,0,1,1
,IRAQ BAGHDAD,,,,,0,1,1
,IRAQ MOBILE,,,,,0,1,3
,IRAQ MOBILE ASIACELL,,,,,0,1,3
,IRAQ MOBILE KOREK TELECOM,,,,,0,1,3
,IRAQ MOBILE SANA,,,,,0,1,3
,IRAQ MOBILE ZAIN,,,,,0,1,3
,IRAQ SPECIAL SERVICES,,,,,0,1,5
,IRELAND,,,,,0,1,1
,IRELAND MOBILE,,,,,0,1,3
,IRELAND MOBILE METEOR,,,,,0,1,3
,IRELAND MOBILE O2,,,,,0,1,3
,IRELAND MOBILE TESCO,,,,,0,1,3
,IRELAND MOBILE THREE,,,,,0,1,3
,IRELAND MOBILE VODAFONE IRELAND LTD,,,,,0,1,3
,IRELAND SPECIAL SERVICES,,,,,0,1,5
,ISRAEL,,,,,0,1,1
,ISRAEL MOBILE,,,,,0,1,3
,ISRAEL MOBILE CELLCOM,,,,,0,1,3
,ISRAEL MOBILE ORANGE,,,,,0,1,3
,ISRAEL MOBILE PALESTINE,,,,,0,1,3
,ISRAEL PALESTINE,,,,,0,1,1
,ITALY,,,,,0,1,1
,ITALY MOBILE,,,,,0,1,3
,ITALY MOBILE FASTWEB,,,,,0,1,3
,ITALY MOBILE ILIAD,,,,,0,1,3
,ITALY MOBILE INTERMATICA,,,,,0,1,3
,ITALY MOBILE LYCATL,,,,,0,1,3
,ITALY MOBILE THREE,,,,,0,1,3
,ITALY MOBILE TIM,,,,,0,1,3
,ITALY MOBILE VODAFONE,,,,,0,1,3
,ITALY MOBILE WIND,,,,,0,1,3
,IVORY COAST,,,,,0,1,1
,IVORY COAST FIXED MTN,,,,,0,1,2
,IVORY COAST MOBILE MOOV,,,,,0,1,3
,IVORY COAST MOBILE MTN,,,,,0,1,3
,IVORY COAST MOBILE ORANGE,,,,,0,1,3
,IVORY COAST MOBILE ORICEL,,,,,0,1,3
,IVORY COAST MOBILITY SERVICES,,,,,0,1,1
,IVORY COAST SPECIAL SERVICES,,,,,0,1,5
,JAMAICA,,,,,0,1,1
,JAMAICA MOBILE DIGICEL,,,,,0,1,3
,JAMAICA MOBILE LIME,,,,,0,1,3
,JAPAN,,,,,0,1,1
,JAPAN IP PHONE,,,,,0,1,1
,JAPAN MOBILE,,,,,0,1,3
,JAPAN MOBILE NTT DOCOMO,,,,,0,1,3
,JORDAN,,,,,0,1,1
,JORDAN MOBILE,,,,,0,1,3
,JORDAN MOBILE ORANGE,,,,,0,1,3
,JORDAN MOBILE UMNIAH,,,,,0,1,3
,JORDAN MOBILE ZAIN,,,,,0,1,3
,KAZAKHSTAN,,,,,0,1,1
,KAZAKHSTAN ALMATY,,,,,0,1,1
,KAZAKHSTAN ASTANA,,,,,0,1,1
,KAZAKHSTAN FIXED OLO,,,,,0,1,2
,KAZAKHSTAN KARAGANDA,,,,,0,1,1
,KAZAKHSTAN MOBILE,,,,,0,1,3
,KAZAKHSTAN MOBILE BEELINE,,,,,0,1,3
,KAZAKHSTAN MOBILE KCELL,,,,,0,1,3
,KAZAKHSTAN MOBILITY SERVICES,,,,,0,1,1
,KAZAKHSTAN SPECIAL SERVICES,,,,,0,1,5
,KENYA,,,,,0,1,1
,KENYA MOBILE,,,,,0,1,3
,KENYA MOBILE AIRTEL,,,,,0,1,3
,KENYA MOBILE JTL,,,,,0,1,3
,KENYA MOBILE SAFARICOM,,,,,0,1,3
,KENYA MOBILE TELKOM,,,,,0,1,3
,KENYA SPECIAL SERVICES,,,,,0,1,5
,KIRIBATI,,,,,0,1,1
,KOSOVO,,,,,0,1,1
,KOSOVO MOBILE,,,,,0,1,3
,KUWAIT,,,,,0,1,1
,KUWAIT MOBILE,,,,,0,1,3
,KUWAIT MOBILE OOREDOO,,,,,0,1,3
,KUWAIT MOBILE ZAIN,,,,,0,1,3
,KYRGYZSTAN,,,,,0,1,1
,KYRGYZSTAN BISHKEK,,,,,0,1,1
,KYRGYZSTAN MOBILE,,,,,0,1,3
,KYRGYZSTAN MOBILE AYSAT,,,,,0,1,3
,KYRGYZSTAN MOBILE MEGACOM,,,,,0,1,3
,KYRGYZSTAN MOBILE O!,,,,,0,1,3
,KYRGYZSTAN MOBILITY SERVICES,,,,,0,1,1
,KYRGYZSTAN SPECIAL SERVICES,,,,,0,1,5
,LAOS,,,,,0,1,1
,LAOS MOBILE,,,,,0,1,3
,LATVIA,,,,,0,1,1
,LATVIA FIXED LMT,,,,,0,1,2
,LATVIA FIXED OLO,,,,,0,1,2
,LATVIA FIXED OLO ZONE3,,,,,0,1,2
,LATVIA MOBILE,,,,,0,1,3
,LATVIA MOBILE BITE,,,,,0,1,3
,LATVIA MOBILE LMT,,,,,0,1,3
,LATVIA MOBILE TELE2,,,,,0,1,3
,LATVIA MOBILE VENTAMOBILE,,,,,0,1,3
,LATVIA MOBILE XOMOBILE SIA,,,,,0,1,3
,LATVIA MOBILITY SERVICES,,,,,0,1,1
,LATVIA SPECIAL SERVICES,,,,,0,1,5
,LATVIA SPECIAL SERVICES LATTELECOM,,,,,0,1,5
,LEBANON,,,,,0,1,1
,LEBANON MOBILE,,,,,0,1,3
,LESOTHO,,,,,0,1,1
,LESOTHO MOBILE ECONET,,,,,0,1,3
,LESOTHO MOBILE VODACOM,,,,,0,1,3
,LIBERIA,,,,,0,1,1
,LIBERIA MOBILE,,,,,0,1,3
,LIBERIA MOBILE COMIUM,,,,,0,1,3
,LIBERIA MOBILE MTN,,,,,0,1,3
,LIBERIA MOBILE ORANGE LIBERIA,,,,,0,1,3
,LIBERIA MOBILITY SERVICES,,,,,0,1,1
,LIBERIA SPECIAL SERVICES,,,,,0,1,5
,LIBYA,,,,,0,1,1
,LIBYA MOBILE,,,,,0,1,3
,LIBYA MOBILE ALMADAR,,,,,0,1,3
,LIECHTENSTEIN,,,,,0,1,1
,LIECHTENSTEIN MOBILE,,,,,0,1,3
,LIECHTENSTEIN MOBILE TYPE_A,,,,,0,1,3
,LIECHTENSTEIN VOICE MAIL,,,,,0,1,1
,LITHUANIA,,,,,0,1,1
,LITHUANIA MOBILE,,,,,0,1,3
,LITHUANIA MOBILE BITE,,,,,0,1,3
,LITHUANIA MOBILE TELE2,,,,,0,1,3
,LITHUANIA MOBILE TELIA LIETUVA AB,,,,,0,1,3
,LITHUANIA MOBILITY SERVICES,,,,,0,1,1
,LITHUANIA SPECIAL SERVICES,,,,,0,1,5
,LITHUANIA SPECIAL SERVICES TYPE_D,,,,,0,1,5
,LUXEMBOURG,,,,,0,1,1
,LUXEMBOURG MOBILE,,,,,0,1,3
,LUXEMBOURG MOBILE ORANGE,,,,,0,1,3
,LUXEMBOURG MOBILE POST LUXEMBOURG,,,,,0,1,3
,LUXEMBOURG MOBILE TANGO,,,,,0,1,3
,LUXEMBOURG SPECIAL SERVICES,,,,,0,1,5
,MACAO,,,,,0,1,1
,MACAO MOBILE,,,,,0,1,3
,MACEDONIA,,,,,0,1,1
,MACEDONIA FIXED ONE,,,,,0,1,2
,MACEDONIA MOBILE,,,,,0,1,3
,MACEDONIA MOBILE ONE,,,,,0,1,3
,MACEDONIA MOBILE T-MOBILE,,,,,0,1,3
,MACEDONIA MOBILITY SERVICES,,,,,0,1,1
,MACEDONIA SKOPJE,,,,,0,1,1
,MACEDONIA SPECIAL SERVICES,,,,,0,1,5
,MACEDONIA SPECIAL SERVICES TYPE_A,,,,,0,1,5
,MACEDONIA SPECIAL SERVICES TYPE_B,,,,,0,1,5
,MADAGASCAR,,,,,0,1,1
,MADAGASCAR MOBILE,,,,,0,1,3
,MADAGASCAR MOBILE AIRTEL,,,,,0,1,3
,MADAGASCAR MOBILE GULFSAT,,,,,0,1,3
,MADAGASCAR MOBILE ORANGE,,,,,0,1,3
,MADAGASCAR MOBILITY SERVICES,,,,,0,1,1
,MADAGASCAR SPECIAL SERVICES,,,,,0,1,5
,MADAGASCAR SPECIAL SERVICES TYPE_A,,,,,0,1,5
,MALAWI,,,,,0,1,1
,MALAWI MOBILE,,,,,0,1,3
,MALAWI MOBILE ACCESS,,,,,0,1,3
,MALAWI MOBILE AIRTEL,,,,,0,1,3
,MALAWI MOBILITY SERVICES,,,,,0,1,1
,MALAYSIA,,,,,0,1,1
,MALAYSIA MOBILE,,,,,0,1,3
,MALAYSIA MOBILE CELCOM,,,,,0,1,3
,MALAYSIA MOBILE DIGI,,,,,0,1,3
,MALAYSIA MOBILE MAXIS,,,,,0,1,3
,MALDIVES,,,,,0,1,1
,MALDIVES MOBILE DHIRAAGU,,,,,0,1,3
,MALDIVES MOBILE WATANIYA,,,,,0,1,3
,MALDIVES MOBILITY SERVICES,,,,,0,1,1
,MALDIVES MOBILITY SERVICES TYPE_A,,,,,0,1,1
,MALDIVES SPECIAL SERVICES TYPE_A,,,,,0,1,5
,MALI,,,,,0,1,1
,MALI BAMAKO,,,,,0,1,1
,MALI MOBILE,,,,,0,1,3
,MALI MOBILE ORANGE,,,,,0,1,3
,MALI MOBILE TELECEL,,,,,0,1,3
,MALTA,,,,,0,1,1
,MALTA MOBILE,,,,,0,1,3
,MALTA MOBILE VODAFONE,,,,,0,1,3
,MARSHALL ISLANDS,,,,,0,1,1
,MARTINIQUE,,,,,0,1,1
,MARTINIQUE MOBILE,,,,,0,1,3
,MARTINIQUE MOBILE DIGICEL,,,,,0,1,3
,MARTINIQUE MOBILE ORANGE,,,,,0,1,3
,MARTINIQUE MOBILE OUTREMER,,,,,0,1,3
,MAURITANIA,,,,,0,1,1
,MAURITANIA FIXED CHINGUITEL,,,,,0,1,2
,MAURITANIA MOBILE CHINGUITEL,,,,,0,1,3
,MAURITANIA MOBILE MATTEL,,,,,0,1,3
,MAURITANIA MOBILE MAURITEL,,,,,0,1,3
,MAURITIUS,,,,,0,1,1
,MAURITIUS MOBILE,,,,,0,1,3
,MAURITIUS MOBILE EMTEL,,,,,0,1,3
,MAYOTTE,,,,,0,1,1
,MAYOTTE MOBILE,,,,,0,1,3
,MEXICO,,,,,0,1,1
,MEXICO EQUAL ACCESS,,,,,0,1,1
,MEXICO GUADALAJARA,,,,,0,1,1
,MEXICO MEXICO CITY,,,,,0,1,1
,MEXICO MOBILE,,,,,0,1,3
,MEXICO MOBILE MOVISTAR ZONE 1,,,,,0,1,3
,MEXICO MOBILE MOVISTAR ZONE 2,,,,,0,1,3
,MEXICO MOBILE MOVISTAR ZONE 3,,,,,0,1,3
,MEXICO MOBILE MOVISTAR ZONE 4,,,,,0,1,3
,MEXICO MOBILE TELCEL ZONE 1,,,,,0,1,3
,MEXICO MOBILE TELCEL ZONE 10,,,,,0,1,3
,MEXICO MOBILE TELCEL ZONE 11,,,,,0,1,3
,MEXICO MOBILE TELCEL ZONE 2,,,,,0,1,3
,MEXICO MOBILE TELCEL ZONE 3,,,,,0,1,3
,MEXICO MOBILE TELCEL ZONE 4,,,,,0,1,3
,MEXICO MOBILE TELCEL ZONE 5,,,,,0,1,3
,MEXICO MOBILE TELCEL ZONE 6,,,,,0,1,3
,MEXICO MOBILE TELCEL ZONE 7,,,,,0,1,3
,MEXICO MOBILE TELCEL ZONE 8,,,,,0,1,3
,MEXICO MOBILE TELCEL ZONE 9,,,,,0,1,3
,MEXICO MONTERREY,,,,,0,1,1
,MEXICO SATELLITE FIXED,,,,,0,1,2
,MICRONESIA,,,,,0,1,1
,MOLDOVA,,,,,0,1,1
,MOLDOVA MOBILE,,,,,0,1,3
,MOLDOVA MOBILE MOLDCELL,,,,,0,1,3
,MOLDOVA MOBILE ORANGE,,,,,0,1,3
,MOLDOVA MOBILE UNITE,,,,,0,1,3
,MOLDOVA PRIDNESTROVJE,,,,,0,1,1
,MOLDOVA SPECIAL SERVICES,,,,,0,1,5
,MONACO,,,,,0,1,1
,MONACO FIXED OLO,,,,,0,1,2
,MONACO MOBILE,,,,,0,1,3
,MONACO MOBILE KOSOVO,,,,,0,1,3
,MONGOLIA,,,,,0,1,1
,MONGOLIA MOBILE,,,,,0,1,3
,MONGOLIA SPECIAL SERVICES,,,,,0,1,5
,MONTENEGRO,,,,,0,1,1
,MONTENEGRO MOBILE,,,,,0,1,3
,MONTENEGRO MOBILE M:TEL,,,,,0,1,3
,MONTENEGRO MOBILE TELENOR,,,,,0,1,3
,MONTENEGRO SPECIAL SERVICES TYPE_A,,,,,0,1,5
,MONTENEGRO SPECIAL SERVICES TYPE_B,,,,,0,1,5
,MONTSERRAT,,,,,0,1,1
,MONTSERRAT MOBILE,,,,,0,1,3
,MOROCCO,,,,,0,1,1
,MOROCCO FIXED INWI,,,,,0,1,2
,MOROCCO FIXED ORANGE MAROC,,,,,0,1,2
,MOROCCO MOBILE,,,,,0,1,3
,MOROCCO MOBILE AL HOURRIA TELECOM,,,,,0,1,3
,MOROCCO MOBILE INWI,,,,,0,1,3
,MOROCCO MOBILE INWI FAR ZONE,,,,,0,1,3
,MOROCCO MOBILE ORANGE MAROC,,,,,0,1,3
,MOROCCO MOBILITY SERVICES,,,,,0,1,1
,MOZAMBIQUE,,,,,0,1,1
,MOZAMBIQUE MOBILE MCEL,,,,,0,1,3
,MOZAMBIQUE MOBILE MOVITEL,,,,,0,1,3
,MOZAMBIQUE MOBILE VODACOM,,,,,0,1,3
,MYANMAR,,,,,0,1,1
,MYANMAR MOBILE,,,,,0,1,3
,MYANMAR MOBILE OOREDOO,,,,,0,1,3
,MYANMAR MOBILE TELENOR,,,,,0,1,3
,MYANMAR MOBILITY SERVICES,,,,,0,1,1
,NAMIBIA,,,,,0,1,1
,NAMIBIA MOBILE,,,,,0,1,3
,NAMIBIA MOBILE MTC,,,,,0,1,3
,NAMIBIA MOBILITY SERVICES,,,,,0,1,1
,NAURU,,,,,0,1,1
,NEPAL,,,,,0,1,1
,NEPAL KATHMANDU,,,,,0,1,1
,NEPAL MOBILE,,,,,0,1,3
,NEPAL MOBILE NCELL,,,,,0,1,3
,NEPAL MOBILE NEPAL TELECOM,,,,,0,1,3
,NETHERLANDS,,,,,0,1,1
,NETHERLANDS ANTILLES,,,,,0,1,1
,NETHERLANDS ANTILLES BONAIRE,,,,,0,1,1
,NETHERLANDS ANTILLES CURACAO,,,,,0,1,1
,NETHERLANDS ANTILLES MOBILE,,,,,0,1,3
,NETHERLANDS ANTILLES MOBILE DIGICEL,,,,,0,1,3
,NETHERLANDS ANTILLES SINT MAARTEN,,,,,0,1,1
,NETHERLANDS MOBILE,,,,,0,1,3
,NETHERLANDS MOBILE IBASIS,,,,,0,1,3
,NETHERLANDS MOBILE LYCAMOBILE,,,,,0,1,3
,NETHERLANDS MOBILE T-MOBILE,,,,,0,1,3
,NETHERLANDS MOBILE TELE2,,,,,0,1,3
,NETHERLANDS MOBILE TELFORT,,,,,0,1,3
,NETHERLANDS MOBILE TISMI,,,,,0,1,3
,NETHERLANDS MOBILE VODAFONE,,,,,0,1,3
,NETHERLANDS MOBILITY SERVICES,,,,,0,1,1
,NETHERLANDS SPECIAL SERVICES,,,,,0,1,5
,NEW CALEDONIA,,,,,0,1,1
,NEW CALEDONIA MOBILE,,,,,0,1,3
,NEW ZEALAND,,,,,0,1,1
,NEW ZEALAND MOBILE,,,,,0,1,3
,NEW ZEALAND MOBILE VODAFONE,,,,,0,1,3
,NICARAGUA,,,,,0,1,1
,NICARAGUA MOBILE,,,,,0,1,3
,NICARAGUA MOBILE MOVISTAR,,,,,0,1,3
,NICARAGUA MOBILITY SERVICES,,,,,0,1,1
,NIGER,,,,,0,1,1
,NIGER MOBILE,,,,,0,1,3
,NIGER MOBILE AIRTEL,,,,,0,1,3
,NIGER MOBILE MOOV,,,,,0,1,3
,NIGER MOBILE ORANGE,,,,,0,1,3
,NIGER MOBILITY SERVICES,,,,,0,1,1
,NIGER SPECIAL SERVICES,,,,,0,1,5
,NIGERIA,,,,,0,1,1
,NIGERIA FIXED VGC,,,,,0,1,2
,NIGERIA FIXED VODACOM,,,,,0,1,2
,NIGERIA MOBILE,,,,,0,1,3
,NIGERIA MOBILE 9MOBILE,,,,,0,1,3
,NIGERIA MOBILE AIRTEL,,,,,0,1,3
,NIGERIA MOBILE GLOBACOM,,,,,0,1,3
,NIGERIA MOBILE MTN,,,,,0,1,3
,NIGERIA MOBILE SMILE,,,,,0,1,3
,NIGERIA MOBILE VISAFONE,,,,,0,1,3
,NIGERIA MOBILITY SERVICES,,,,,0,1,1
,NIUE,,,,,0,1,1
,NORFOLK ISLAND,,,,,0,1,1
,NORTH KOREA,,,,,0,1,1
,NORTHERN MARIANA ISLANDS,,,,,0,1,1
,NORWAY,,,,,0,1,1
,NORWAY MOBILE,,,,,0,1,3
,NORWAY MOBILE NETCOM,,,,,0,1,3
,NORWAY MOBILE NETWORK,,,,,0,1,3
,NORWAY MOBILE TELE2,,,,,0,1,3
,NORWAY MOBILE TELENOR,,,,,0,1,3
,NORWAY SPECIAL SERVICES,,,,,0,1,5
,OMAN,,,,,0,1,1
,OMAN FIXED OOREDOO,,,,,0,1,2
,OMAN MOBILE,,,,,0,1,3
,OMAN MOBILE OOREDOO,,,,,0,1,3
,PAKISTAN,,,,,0,1,1
,PAKISTAN FIXED SCO,,,,,0,1,2
,PAKISTAN ISLAMABAD,,,,,0,1,1
,PAKISTAN KARACHI,,,,,0,1,1
,PAKISTAN LAHORE,,,,,0,1,1
,PAKISTAN MOBILE,,,,,0,1,3
,PAKISTAN MOBILE MOBILINK,,,,,0,1,3
,PAKISTAN MOBILE SCO,,,,,0,1,3
,PAKISTAN MOBILE TELENOR,,,,,0,1,3
,PAKISTAN MOBILE UFONE,,,,,0,1,3
,PAKISTAN MOBILE WARID,,,,,0,1,3
,PAKISTAN MOBILE ZONG,,,,,0,1,3
,PALAU,,,,,0,1,1
,PALESTINE,,,,,0,1,1
,PALESTINE MOBILE,,,,,0,1,3
,PANAMA,,,,,0,1,1
,PANAMA MOBILE,,,,,0,1,3
,PANAMA MOBILE C&W,,,,,0,1,3
,PANAMA MOBILE DIGICEL,,,,,0,1,3
,PANAMA MOBILE MOVISTAR,,,,,0,1,3
,PAPUA NEW GUINEA,,,,,0,1,1
,PAPUA NEW GUINEA MOBILE,,,,,0,1,3
,PAPUA NEW GUINEA MOBILE DIGICEL,,,,,0,1,3
,PAPUA NEW GUINEA SPECIAL SERVICES,,,,,0,1,5
,PARAGUAY,,,,,0,1,1
,PARAGUAY MOBILE,,,,,0,1,3
,PARAGUAY MOBILE PERSONAL,,,,,0,1,3
,PARAGUAY MOBILE TIGO,,,,,0,1,3
,PERU,,,,,0,1,1
,PERU HIGH COST,,,,,0,1,1
,PERU LIMA,,,,,0,1,1
,PERU MOBILE,,,,,0,1,3
,PERU MOBILE CLARO,,,,,0,1,3
,PERU MOBILE TELEFONICA,,,,,0,1,3
,PERU RURAL,,,,,0,1,1
,PHILIPPINES,,,,,0,1,1
,PHILIPPINES BAYANTEL,,,,,0,1,1
,PHILIPPINES GLOBE,,,,,0,1,1
,PHILIPPINES MOBILE,,,,,0,1,3
,PHILIPPINES MOBILE GLOBE,,,,,0,1,3
,PHILIPPINES MOBILE SMART,,,,,0,1,3
,PHILIPPINES MOBILITY SERVICES,,,,,0,1,1
,PHILIPPINES PLDT,,,,,0,1,1
,PHILIPPINES SPECIAL SERVICES,,,,,0,1,5
,POLAND,,,,,0,1,1
,POLAND FIXED NETIA,,,,,0,1,2
,POLAND FIXED OLO,,,,,0,1,2
,POLAND FIXED OLO 2,,,,,0,1,2
,POLAND FIXED T-MOBILE,,,,,0,1,3
,POLAND FIXED T-MOBILE (GTS),,,,,0,1,3
,POLAND MOBILE,,,,,0,1,3
,POLAND MOBILE CENTERNET,,,,,0,1,3
,POLAND MOBILE ORANGE,,,,,0,1,3
,POLAND MOBILE P4 PLAY,,,,,0,1,3
,POLAND MOBILE PLUS,,,,,0,1,3
,POLAND MOBILE T-MOBILE,,,,,0,1,3
,POLAND MOBILITY SERVICES,,,,,0,1,1
,POLAND SPECIAL SERVICES,,,,,0,1,5
,PORTUGAL,,,,,0,1,1
,PORTUGAL FIXED MEO,,,,,0,1,2
,PORTUGAL FIXED NOS COMUNICACOES SA,,,,,0,1,2
,PORTUGAL FIXED ONI TELECOM,,,,,0,1,2
,PORTUGAL MADEIRA AND AZORES,,,,,0,1,1
,PORTUGAL MOBILE,,,,,0,1,3
,PORTUGAL MOBILE MEO,,,,,0,1,3
,PORTUGAL MOBILE NOS COMUNICACOES SA,,,,,0,1,3
,PORTUGAL MOBILE VODAFONE,,,,,0,1,3
,PUERTO RICO,,,,,0,1,1
,QATAR,,,,,0,1,1
,QATAR MOBILE,,,,,0,1,3
,QATAR MOBILE VODAFONE,,,,,0,1,3
,REUNION,,,,,0,1,1
,REUNION MOBILE,,,,,0,1,3
,REUNION MOBILE ORANGE,,,,,0,1,3
,REUNION MOBILE SRR,,,,,0,1,3
,ROMANIA,,,,,0,1,1
,ROMANIA ASTRAL,,,,,0,1,1
,ROMANIA BUCHAREST,,,,,0,1,1
,ROMANIA COSMOTE,,,,,0,1,1
,ROMANIA MOBILE,,,,,0,1,3
,ROMANIA MOBILE COSMOTE,,,,,0,1,3
,ROMANIA MOBILE ENIGMA,,,,,0,1,3
,ROMANIA MOBILE ORANGE,,,,,0,1,3
,ROMANIA MOBILE TELEKOM,,,,,0,1,3
,ROMANIA MOBILE VODAFONE,,,,,0,1,3
,ROMANIA MOBILE ZAPP,,,,,0,1,3
,ROMANIA OLO,,,,,0,1,1
,ROMANIA ORANGE,,,,,0,1,1
,ROMANIA RCS & RDS,,,,,0,1,1
,ROMANIA SPECIAL SERVICES,,,,,0,1,5
,ROMANIA SPECIAL SERVICES MEDIAFON,,,,,0,1,5
,ROMANIA SPECIAL SERVICES RCS & RDS,,,,,0,1,5
,ROMANIA SPECIAL SERVICES TYPE_D,,,,,0,1,5
,ROMANIA VODAFONE,,,,,0,1,1
,RUSSIA,,,,,0,1,1
,RUSSIA ABKHAZIA,,,,,0,1,1
,RUSSIA FAR ZONE,,,,,0,1,1
,RUSSIA FIXED 1,,,,,0,1,2
,RUSSIA FIXED 2,,,,,0,1,2
,RUSSIA FIXED 5,,,,,0,1,2
,RUSSIA MOBILE,,,,,0,1,3
,RUSSIA MOBILE ABKHAZIA,,,,,0,1,3
,RUSSIA MOBILE BEELINE,,,,,0,1,3
,RUSSIA MOBILE FEBO TELECOM,,,,,0,1,3
,RUSSIA MOBILE GLOBALTEL,,,,,0,1,3
,RUSSIA MOBILE GTNT,,,,,0,1,3
,RUSSIA MOBILE IRIDIUM SATELLITE,,,,,0,1,3
,RUSSIA MOBILE MEGAFON,,,,,0,1,3
,RUSSIA MOBILE MTS,,,,,0,1,3
,RUSSIA MOBILE MVNO,,,,,0,1,3
,RUSSIA MOBILITY SERVICES TYPE_A,,,,,0,1,1
,RUSSIA MOSCOW,,,,,0,1,1
,RUSSIA SOUTH OSSETIA,,,,,0,1,1
,RUSSIA SPECIAL SERVICES,,,,,0,1,5
,RUSSIA ST PETERSBURG,,,,,0,1,1
,RWANDA,,,,,0,1,1
,RWANDA FIXED MTN,,,,,0,1,2
,RWANDA MOBILE,,,,,0,1,3
,RWANDA MOBILE AIRTEL,,,,,0,1,3
,RWANDA MOBILE MTN,,,,,0,1,3
,RWANDA MOBILE TIGO,,,,,0,1,3
,SAINT HELENA,,,,,0,1,1
,SAINT KITTS AND NEVIS,,,,,0,1,1
,SAINT KITTS AND NEVIS MOBILE,,,,,0,1,3
,SAINT KITTS AND NEVIS MOBILE DIGICEL,,,,,0,1,3
,SAINT LUCIA,,,,,0,1,1
,SAINT LUCIA MOBILE,,,,,0,1,3
,SAINT LUCIA MOBILE DIGICEL,,,,,0,1,3
,SAINT PIERRE AND MIQUELON,,,,,0,1,1
,SAINT PIERRE AND MIQUELON MOBILE,,,,,0,1,3
,SAINT VINCENT AND THE GRENADINES,,,,,0,1,1
,SAINT VINCENT AND THE GRENADINES MOBILE,,,,,0,1,3
,SAINT VINCENT AND THE GRENADINES MOBILE DIGICEL,,,,,0,1,3
,SAN MARINO,,,,,0,1,1
,SAN MARINO FIXED TIS,,,,,0,1,2
,SAN MARINO MOBILE ALTERNATIVE,,,,,0,1,3
,SAN MARINO MOBILE SAN MARINO TELECOM,,,,,0,1,3
,SAN MARINO SPECIAL SERVICES,,,,,0,1,5
,SAN MARINO SPECIAL SERVICES TYPE_A,,,,,0,1,5
,SAN MARINO SPECIAL SERVICES TYPE_B,,,,,0,1,5
,SAO TOME AND PRINCIPE,,,,,0,1,1
,SAO TOME AND PRINCIPE MOBILE,,,,,0,1,3
,SAO TOME AND PRINCIPE MOBILE UNITEL,,,,,0,1,3
,SAUDI ARABIA,,,,,0,1,1
,SAUDI ARABIA FIXED ATHEEB WIMAX,,,,,0,1,2
,SAUDI ARABIA MOBILE,,,,,0,1,3
,SAUDI ARABIA MOBILE ETISALAT MOBILY,,,,,0,1,3
,SAUDI ARABIA MOBILE ZAIN,,,,,0,1,3
,SAUDI ARABIA RIYAD,,,,,0,1,1
,SENEGAL,,,,,0,1,1
,SENEGAL FIXED EXPRESSO,,,,,0,1,2
,SENEGAL FIXED TIGO,,,,,0,1,2
,SENEGAL MOBILE,,,,,0,1,3
,SENEGAL MOBILE ORANGE,,,,,0,1,3
,SENEGAL MOBILE TIGO,,,,,0,1,3
,SERBIA,,,,,0,1,1
,SERBIA BELGRADE,,,,,0,1,1
,SERBIA FIXED ORION TELEKOM,,,,,0,1,2
,SERBIA IPKO KOSOVO,,,,,0,1,1
,SERBIA KOSOVO,,,,,0,1,1
,SERBIA KUJTESANET KOSOVO,,,,,0,1,1
,SERBIA MOBILE,,,,,0,1,3
,SERBIA MOBILE TELENOR,,,,,0,1,3
,SERBIA MOBILE VIP,,,,,0,1,3
,SERBIA SPECIAL SERVICES,,,,,0,1,5
,SERBIA SPECIAL SERVICES TELECOM SRBIJA,,,,,0,1,5
,SEYCHELLES,,,,,0,1,1
,SEYCHELLES MOBILE,,,,,0,1,3
,SEYCHELLES MOBILE AIRTEL,,,,,0,1,3
,SEYCHELLES MOBILE SMARTCOM,,,,,0,1,3
,SEYCHELLES SPECIAL SERVICES,,,,,0,1,5
,SIERRA LEONE,,,,,0,1,1
,SIERRA LEONE MOBILE,,,,,0,1,3
,SIERRA LEONE MOBILE AFRICELL,,,,,0,1,3
,SIERRA LEONE MOBILE AIRTEL,,,,,0,1,3
,SIERRA LEONE SPECIAL SERVICES,,,,,0,1,5
,SINGAPORE,,,,,0,1,1
,SINGAPORE FIXED STARHUB,,,,,0,1,2
,SINGAPORE MOBILE,,,,,0,1,3
,SINGAPORE MOBILE M1,,,,,0,1,3
,SINGAPORE MOBILE SINGTEL,,,,,0,1,3
,SINGAPORE MOBILE STARHUB,,,,,0,1,3
,SLOVAKIA,,,,,0,1,1
,SLOVAKIA FIXED SHORT NUMBERS,,,,,0,1,2
,SLOVAKIA MOBILE,,,,,0,1,3
,SLOVAKIA MOBILE O2,,,,,0,1,3
,SLOVAKIA MOBILE ORANGE,,,,,0,1,3
,SLOVAKIA MOBILE SLOVAK TELEKOM,,,,,0,1,3
,SLOVAKIA MOBILE SWAN MOBILE,,,,,0,1,3
,SLOVAKIA SPECIAL SERVICES,,,,,0,1,5
,SLOVENIA,,,,,0,1,1
,SLOVENIA FIXED IPKO,,,,,0,1,2
,SLOVENIA FIXED TYPE_A,,,,,0,1,2
,SLOVENIA FIXED TYPE_B,,,,,0,1,2
,SLOVENIA MOBILE,,,,,0,1,3
,SLOVENIA MOBILE A1 SLOVENIJA,,,,,0,1,3
,SLOVENIA MOBILE IPKO,,,,,0,1,3
,SLOVENIA MOBILE TELEKOM SLOVENIJE,,,,,0,1,3
,SLOVENIA MOBILE TELEMACH,,,,,0,1,3
,SLOVENIA MOBILITY SERVICES,,,,,0,1,1
,SLOVENIA SPECIAL SERVICES,,,,,0,1,5
,SNAC INMARSAT AERO,,,,,0,1,1
,SNAC INMARSAT B,,,,,0,1,1
,SNAC INMARSAT B HSD,,,,,0,1,1
,SNAC INMARSAT BGAN,,,,,0,1,1
,SNAC INMARSAT BGAN HSD,,,,,0,1,1
,SNAC INMARSAT M,,,,,0,1,1
,SNAC INMARSAT M4,,,,,0,1,1
,SNAC INMARSAT MINI M,,,,,0,1,1
,SOLOMON ISLANDS,,,,,0,1,1
,SOLOMON ISLANDS MOBILE,,,,,0,1,3
,SOLOMON ISLANDS SPECIAL SERVICES,,,,,0,1,5
,SOMALIA,,,,,0,1,1
,SOMALIA FIXED GOLIS,,,,,0,1,2
,SOMALIA FIXED HORTEL,,,,,0,1,2
,SOMALIA FIXED TELCOM,,,,,0,1,2
,SOMALIA FIXED TELESOM,,,,,0,1,2
,SOMALIA MOBILE,,,,,0,1,3
,SOMALIA MOBILE GOLIS,,,,,0,1,3
,SOMALIA MOBILE HORTEL,,,,,0,1,3
,SOMALIA MOBILE SOMAFONE,,,,,0,1,3
,SOMALIA MOBILE SOMTEL,,,,,0,1,3
,SOMALIA MOBILE TELESOM,,,,,0,1,3
,SOMALIA MOBILITY SERVICES,,,,,0,1,1
,SOMALIA SPECIAL SERVICES,,,,,0,1,5
,SOUTH AFRICA,,,,,0,1,1
,SOUTH AFRICA FIXED MTN,,,,,0,1,2
,SOUTH AFRICA MOBILE,,,,,0,1,3
,SOUTH AFRICA MOBILE CELL C,,,,,0,1,3
,SOUTH AFRICA MOBILE MTN,,,,,0,1,3
,SOUTH AFRICA MOBILE OPENSERVE,,,,,0,1,3
,SOUTH AFRICA MOBILE VODACOM,,,,,0,1,3
,SOUTH AFRICA SPECIAL SERVICES,,,,,0,1,5
,SOUTH KOREA,,,,,0,1,1
,SOUTH KOREA MOBILE,,,,,0,1,3
,SOUTH KOREA MOBILE KOREA TELECOM,,,,,0,1,3
,SOUTH KOREA MOBILE SK TELECOM,,,,,0,1,3
,SOUTH SUDAN,,,,,0,1,1
,SOUTH SUDAN MOBILE,,,,,0,1,3
,SOUTH SUDAN MOBILE MTN,,,,,0,1,3
,SOUTH SUDAN MOBILE VIVACEL,,,,,0,1,3
,SOUTH SUDAN MOBILE ZAIN,,,,,0,1,3
,SOUTH SUDAN MOBILITY SERVICES,,,,,0,1,1
,SOUTH SUDAN SPECIAL SERVICES,,,,,0,1,5
,SPAIN,,,,,0,1,1
,SPAIN MOBILE,,,,,0,1,3
,SPAIN MOBILE LYCATEL,,,,,0,1,3
,SPAIN MOBILE ORANGE,,,,,0,1,3
,SPAIN MOBILE TELEFONICA,,,,,0,1,3
,SPAIN MOBILE VODAFONE,,,,,0,1,3
,SPAIN MOBILE XFERA,,,,,0,1,3
,SPAIN SPECIAL SERVICES,,,,,0,1,5
,SRI LANKA,,,,,0,1,1
,SRI LANKA FIXED DIALOG,,,,,0,1,2
,SRI LANKA MOBILE,,,,,0,1,3
,SRI LANKA MOBILE AIRTEL,,,,,0,1,3
,SRI LANKA MOBILE DIALOG,,,,,0,1,3
,SRI LANKA MOBILE ETISALAT,,,,,0,1,3
,SRI LANKA MOBILE MOBITEL,,,,,0,1,3
,SRI LANKA SLT,,,,,0,1,1
,SUDAN,,,,,0,1,1
,SUDAN FIXED CANAR,,,,,0,1,2
,SUDAN MOBILE,,,,,0,1,3
,SUDAN MOBILE MTN,,,,,0,1,3
,SUDAN MOBILE ZAIN,,,,,0,1,3
,SUDAN SPECIAL SERVICES,,,,,0,1,5
,SURINAME,,,,,0,1,1
,SURINAME MOBILE,,,,,0,1,3
,SURINAME MOBILE DIGICEL,,,,,0,1,3
,SWAZILAND,,,,,0,1,1
,SWAZILAND MOBILE,,,,,0,1,3
,SWAZILAND MOBILE MTN,,,,,0,1,3
,SWEDEN,,,,,0,1,1
,SWEDEN MOBILE,,,,,0,1,3
,SWEDEN MOBILE TELE2,,,,,0,1,3
,SWEDEN MOBILE TELENOR,,,,,0,1,3
,SWEDEN MOBILE TELIA,,,,,0,1,3
,SWEDEN MOBILE THREE,,,,,0,1,3
,SWITZERLAND,,,,,0,1,1
,SWITZERLAND MOBILE,,,,,0,1,3
,SWITZERLAND MOBILE LYCAMOBILE,,,,,0,1,3
,SWITZERLAND MOBILE SALT MOBILE SA,,,,,0,1,3
,SWITZERLAND MOBILE SUNRISE,,,,,0,1,3
,SWITZERLAND MOBILE SWISSCOM,,,,,0,1,3
,SYRIA,,,,,0,1,1
,SYRIA MOBILE,,,,,0,1,3
,SYRIA MOBILE MTN,,,,,0,1,3
,TAIWAN,,,,,0,1,1
,TAIWAN MOBILE,,,,,0,1,3
,TAIWAN MOBILE CHUNGHWA MOBILE,,,,,0,1,3
,TAIWAN MOBILE FAR EASTONE,,,,,0,1,3
,TAIWAN MOBILE TAIWAN MOBILE,,,,,0,1,3
,TAIWAN MOBILE TAIWAN STAR TELECOM,,,,,0,1,3
,TAIWAN MOBILITY SERVICES,,,,,0,1,1
,TAJIKISTAN,,,,,0,1,1
,TAJIKISTAN MOBILE,,,,,0,1,3
,TAJIKISTAN MOBILE BABILON,,,,,0,1,3
,TAJIKISTAN MOBILE BEELINE,,,,,0,1,3
,TAJIKISTAN MOBILE M TEKO,,,,,0,1,3
,TAJIKISTAN MOBILE MEGAFON,,,,,0,1,3
,TAJIKISTAN MOBILE TCELL,,,,,0,1,3
,TAJIKISTAN MOBILE TELCOM,,,,,0,1,3
,TAJIKISTAN MOBILE TK MOBILE,,,,,0,1,3
,TAJIKISTAN MOBILE TOCHIK TELECOM,,,,,0,1,3
,TAJIKISTAN SPECIAL SERVICES,,,,,0,1,5
,TANZANIA,,,,,0,1,1
,TANZANIA MOBILE,,,,,0,1,3
,TANZANIA MOBILE AIRTEL,,,,,0,1,3
,TANZANIA MOBILE SMART,,,,,0,1,3
,TANZANIA MOBILE SMILE,,,,,0,1,3
,TANZANIA MOBILE TIGO,,,,,0,1,3
,TANZANIA MOBILE VODACOM,,,,,0,1,3
,TANZANIA MOBILE ZANTEL,,,,,0,1,3
,TANZANIA SPECIAL SERVICES,,,,,0,1,5
,TELECOMMUNICATIONS FOR DISASTER RELIEF,,,,,0,1,1
,THAILAND,,,,,0,1,1
,THAILAND MOBILE,,,,,0,1,3
,THAILAND MOBILE AWN,,,,,0,1,3
,THAILAND MOBILE DTAC,,,,,0,1,3
,THAILAND MOBILE TRUE MOVE,,,,,0,1,3
,TOGO,,,,,0,1,1
,TOGO MOBILE,,,,,0,1,3
,TOGO MOBILE MOOV,,,,,0,1,3
,TOGO SPECIAL SERVICES,,,,,0,1,5
,TOKELAU,,,,,0,1,1
,TONGA,,,,,0,1,1
,TONGA MOBILE,,,,,0,1,3
,TONGA MOBILE DIGCEL,,,,,0,1,3
,TRINIDAD AND TOBAGO,,,,,0,1,1
,TRINIDAD AND TOBAGO MOBILE,,,,,0,1,3
,TRINIDAD AND TOBAGO MOBILE DIGICEL,,,,,0,1,3
,TUNISIA,,,,,0,1,1
,TUNISIA FIXED ORANGE,,,,,0,1,2
,TUNISIA MOBILE,,,,,0,1,3
,TUNISIA MOBILE OOREDOO,,,,,0,1,3
,TUNISIA MOBILE ORANGE,,,,,0,1,3
,TUNISIA SPECIAL SERVICES,,,,,0,1,5
,TURKEY,,,,,0,1,1
,TURKEY 444 SERVICES,,,,,0,1,1
,TURKEY ADANA,,,,,0,1,1
,TURKEY ANKARA,,,,,0,1,1
,TURKEY ANTALYA,,,,,0,1,1
,TURKEY BURSA,,,,,0,1,1
,TURKEY ISTANBUL,,,,,0,1,1
,TURKEY IZMIR,,,,,0,1,1
,TURKEY MOBILE,,,,,0,1,3
,TURKEY MOBILE AVEA,,,,,0,1,3
,TURKEY MOBILE ISTELIA TELEKOM,,,,,0,1,3
,TURKEY MOBILE TURKCELL,,,,,0,1,3
,TURKEY MOBILE TURKCELL NORTH CYPRUS,,,,,0,1,3
,TURKEY MOBILE VODAFONE,,,,,0,1,3
,TURKEY MOBILE VODAFONE NORTH CYPRUS,,,,,0,1,3
,TURKEY MOBILITY SERVICES,,,,,0,1,1
,TURKEY NOMADIC SERVICES,,,,,0,1,1
,TURKEY NORTH CYPRUS,,,,,0,1,1
,TURKEY OTHER CITIES,,,,,0,1,1
,TURKEY SPECIAL SERVICES,,,,,0,1,5
,TURKMENISTAN,,,,,0,1,1
,TURKMENISTAN MOBILE,,,,,0,1,3
,TURKS AND CAICOS ISLANDS,,,,,0,1,1
,TURKS AND CAICOS ISLANDS MOBILE,,,,,0,1,3
,TURKS AND CAICOS ISLANDS MOBILE DIGICEL,,,,,0,1,3
,TUVALU,,,,,0,1,1
,UGANDA,,,,,0,1,1
,UGANDA FIXED AIRTEL,,,,,0,1,2
,UGANDA FIXED MTN,,,,,0,1,2
,UGANDA FIXED SMILE,,,,,0,1,2
,UGANDA FIXED VODAFONE,,,,,0,1,2
,UGANDA MOBILE,,,,,0,1,3
,UGANDA MOBILE AFRICELL,,,,,0,1,3
,UGANDA MOBILE AIRTEL,,,,,0,1,3
,UGANDA MOBILE GEMTEL,,,,,0,1,3
,UGANDA MOBILE K2 TELECOM LIMITED,,,,,0,1,3
,UGANDA MOBILE LYCATEL,,,,,0,1,3
,UGANDA MOBILE MTN,,,,,0,1,3
,UGANDA MOBILE SMART,,,,,0,1,3
,UGANDA MOBILE SMILE,,,,,0,1,3
,UGANDA MOBILE UGATEL,,,,,0,1,3
,UGANDA MOBILE VODAFONE,,,,,0,1,3
,UGANDA SPECIAL SERVICES,,,,,0,1,5
,UGANDA SPECIAL SERVICES TYPE_A,,,,,0,1,5
,UKRAINE,,,,,0,1,1
,UKRAINE CRIMEA,,,,,0,1,1
,UKRAINE DNIEPROPETROVSK,,,,,0,1,1
,UKRAINE KHARKIV,,,,,0,1,1
,UKRAINE KIEV,,,,,0,1,1
,UKRAINE LVIV,,,,,0,1,1
,UKRAINE MOBILE,,,,,0,1,3
,UKRAINE MOBILE INTERTELECOM,,,,,0,1,3
,UKRAINE MOBILE KYIVSTAR,,,,,0,1,3
,UKRAINE MOBILE LIFECELL,,,,,0,1,3
,UKRAINE MOBILE VODAFONE,,,,,0,1,3
,UKRAINE ODESSA,,,,,0,1,1
,UKRAINE SPECIAL SERVICES,,,,,0,1,5
,UNITED ARAB EMIRATES,,,,,0,1,1
,UNITED ARAB EMIRATES DU,,,,,0,1,1
,UNITED ARAB EMIRATES MOBILE,,,,,0,1,3
,UNITED ARAB EMIRATES MOBILE DU,,,,,0,1,3
,UNITED KINGDOM,,,,,0,1,1
,UNITED KINGDOM CORPORATE NUMBERING,,,,,0,1,1
,UNITED KINGDOM MOBILE,,,,,0,1,3
,UNITED KINGDOM MOBILE ALTERNATIVE NETWORKS,,,,,0,1,3
,UNITED KINGDOM MOBILE CORE TELECOM LIMITED,,,,,0,1,3
,UNITED KINGDOM MOBILE EE LTD.,,,,,0,1,3
,UNITED KINGDOM MOBILE JERSEY,,,,,0,1,3
,UNITED KINGDOM MOBILE LYCATEL,,,,,0,1,3
,UNITED KINGDOM MOBILE O2,,,,,0,1,3
,UNITED KINGDOM MOBILE ORANGE,,,,,0,1,3
,UNITED KINGDOM MOBILE THREE,,,,,0,1,3
,UNITED KINGDOM MOBILE TISMI,,,,,0,1,3
,UNITED KINGDOM MOBILE VODAFONE,,,,,0,1,3
,UNITED KINGDOM MOBILITY SERVICES TISMI,,,,,0,1,1
,UNITED KINGDOM PERSONAL NUMBER70,,,,,0,1,1
,UNITED KINGDOM PERSONAL NUMBER84,,,,,0,1,1
,UNITED KINGDOM PERSONAL NUMBERING,,,,,0,1,1
,UNITED KINGDOM WIDE NUMBERS,,,,,0,1,1
,UNITED STATES,,,,,0,1,1
,UNITED STATES 800,,,,,0,1,1
,UNITED STATES ALASKA,,,,,0,1,1
,UNITED STATES HAWAII,,,,,0,1,1
,UNITED STATES VIRGIN ISLANDS,,,,,0,1,1
,UNIVERSAL PERSONAL TELECOMMUNICATIONS TPG,,,,,0,1,1
,URUGUAY,,,,,0,1,1
,URUGUAY MOBILE,,,,,0,1,3
,URUGUAY MOBILE ANTEL,,,,,0,1,3
,URUGUAY MOBILE CLARO,,,,,0,1,3
,URUGUAY MOBILE MOVISTAR,,,,,0,1,3
,URUGUAY MONTEVIDEO,,,,,0,1,1
,UZBEKISTAN,,,,,0,1,1
,UZBEKISTAN MOBILE,,,,,0,1,3
,UZBEKISTAN SPECIAL SERVICES,,,,,0,1,5
,UZBEKISTAN TASHKENT,,,,,0,1,1
,VANUATU,,,,,0,1,1
,VANUATU MOBILE,,,,,0,1,3
,VENEZUELA,,,,,0,1,1
,VENEZUELA CARACAS,,,,,0,1,1
,VENEZUELA MOBILE,,,,,0,1,3
,VENEZUELA MOBILE DIGITEL,,,,,0,1,3
,VENEZUELA MOBILE MOVILNET,,,,,0,1,3
,VENEZUELA MOBILE MOVISTAR,,,,,0,1,3
,VENEZUELA MOBILITY SERVICES,,,,,0,1,1
,VIET NAM,,,,,0,1,1
,VIET NAM FIXED VIETTEL,,,,,0,1,2
,VIET NAM HANOI,,,,,0,1,1
,VIET NAM HO CHI MINH,,,,,0,1,1
,VIET NAM MOBILE,,,,,0,1,3
,VIET NAM MOBILE MOBIFONE,,,,,0,1,3
,VIET NAM MOBILE VIETTEL,,,,,0,1,3
,VIET NAM SPECIAL SERVICES,,,,,0,1,5
,WALLIS AND FUTUNA,,,,,0,1,1
,WALLIS AND FUTUNA MOBILE,,,,,0,1,3
,WESTERN SAMOA,,,,,0,1,1
,WESTERN SAMOA MOBILE,,,,,0,1,3
,WESTERN SAMOA MOBILE DIGICEL,,,,,0,1,3
,YEMEN,,,,,0,1,1
,YEMEN MOBILE,,,,,0,1,3
,YEMEN MOBILE MTN,,,,,0,1,3
,YEMEN MOBILE SABAFON,,,,,0,1,3
,YEMEN MOBILE TELEYEMEN,,,,,0,1,3
,YEMEN MOBILITY SERVICES,,,,,0,1,1
,ZAMBIA,,,,,0,1,1
,ZAMBIA MOBILE AIRTEL,,,,,0,1,3
,ZAMBIA MOBILE MTN,,,,,0,1,3
,ZAMBIA MOBILE ZAMTEL,,,,,0,1,3
,ZIMBABWE,,,,,0,1,1
,ZIMBABWE MOBILE,,,,,0,1,3
,ZIMBABWE MOBILE ECONET,,,,,0,1,3
,ZIMBABWE MOBILE NETONE,,,,,0,1,3
,ZIMBABWE SPECIAL SERVICES,,,,,0,1,5
